gene_symbol	0
MEF2C	11.52795624973195
ITGB3	10.88738435704682
HEXIM1	9.83938067781241
DBF4B	9.79916997850985
CDC27	9.714972219101046
POLR3A	9.436579030076942
TBKBP1	9.396747438332268
FADS2	9.378000610023053
B3GAT1	9.292145487166051
CTNNA1	9.29127871878526
GBGT1	9.244346316716788
KPNB1	9.192944402982922
FZD2	9.15224211561032
TBX21	8.849116785481677
RSL24D1	8.838460283065432
HEXIM2	8.786788131473639
APOH	8.742404177565778
DIABLO	8.465462723686015
NEDD4	8.457108946961004
EFTUD2	8.391182479364144
CCPG1	8.377972203630437
MANBA	7.8027652826864005
NFKB1	7.78872764224935
OSTM1	7.758661470543827
AKAP13	7.758661470543827
NDRG1	7.716254626139442
RFX7	7.396711261113792
FMNL1	7.37867218357211
NMT1	7.3364986334929645
RAB27A	7.309025501363932
PLEKHM1	7.184225639495765
CRHR1	7.020238413451228
KIF18B	6.900785987742603
CD300LG	6.84512372226785
TSHB	6.605328857926464
MAGEA3	6.289287096953651
CA8	6.081984936523721
TP53BP1	6.049895858641133
SKAP1	6.0020884723940435
KDR	5.9951265548064185
DCAKD	5.774485209636868
NPM1	5.637050339077497
MYL4	5.546165015434963
ACY3	5.498019080021207
SRP14	5.454922014638809
CFC1	5.4197465355629895
CFP	5.415345781268254
SDHB	5.379537124294515
DDX10	5.377464791413454
HNF1A	5.254385962593732
SHC1	5.1877034803148865
SERPING1	5.084158232098897
PLCD3	4.980987771952032
FGF21	4.97347332244294
FGF6	4.808510209222061
AMBN	4.8002956277859195
BTLA	4.7960992175680905
PNPT1	4.62441313487831
VAMP5	4.528760201329493
ADAMTS1	4.478571804749793
ADGRG1	4.470491406375947
KIAA0319	4.427259488345259
ICAM2	4.422211948293078
LRRC37A	4.3056199992077575
PROS1	4.259587548793513
IGFBP2	4.258031513688273
GFRAL	4.070799497067151
STX5	4.020132395530608
NCAN	4.014899917272272
LMNB1	3.9610124065064833
GRP	3.960250593999821
UPK3BL1	3.9582019300193694
PER3	3.957630495193807
KLRC1	3.953267883939969
BST2	3.941430087612408
CNGB3	3.9390261949311616
DTX2	3.9181485204225996
PECAM1	3.866007509091286
FGL1	3.798720142591902
DHODH	3.792979287426998
CRH	3.779217093530088
RSPO3	3.7686561934866605
MORN4	3.7316935816925296
ARNTL	3.722414683173066
IL18	3.6549381275838453
NSF	3.6291316757122623
LYPD3	3.619353780620716
CKB	3.6003649135067355
ADAMTS8	3.586736124238026
OGT	3.5532534839427994
ATF4	3.5525969873509586
TYRP1	3.51216949554113
HEPH	3.484723121524511
SERPINF2	3.481099416269504
ACP1	3.4808608660588516
RPGR	3.4625163761916924
AGR3	3.4554686014720306
NFYA	3.400919762001732
PTPRN2	3.3800932675498463
HPGDS	3.3790384452679216
CD3G	3.374895232897284
KANSL1	3.374553851103009
PRDX3	3.3340493370686417
MYOM2	3.328786333362409
CPA2	3.2629552131776234
LXN	3.256735100172479
ENG	3.2535087963115257
DSG4	3.251412641136583
LAMA1	3.237202154933926
GALNT2	3.2301870556956427
ALDH5A1	3.2182546049997605
GSTP1	3.2108877829821307
AGR2	3.2057433025898945
NRTN	3.18864237677101
ERN1	3.17357064530864
IL2RB	3.1614654486062213
MECR	3.1341655654248393
GPHA2	3.1167725338507744
JAZF1	3.1020447068671197
PPP1R14A	3.0579457219631205
CPE	3.041429184407951
CEP290	3.0034361190913295
GPC5	2.999087883110986
CD244	2.9904379920475064
BCL2	2.9859707377710856
COX5B	2.955834781523795
CCL23	2.9461973489855318
L1CAM	2.9450621958188807
LEPR	2.9190383897363086
CNDP1	2.9098438089964467
AREG	2.904189282933593
FLT4	2.8855248925064294
LYPLA2	2.880868035544065
APLP1	2.875492273508658
MRPL46	2.869188546802738
ENTPD6	2.851557649596836
DDC	2.846089853267548
CD1C	2.8072545542151905
PTPRR	2.795837936787372
ADIPOQ	2.772255213751746
SH3GL3	2.7636760044173334
TTR	2.75931153633886
PEPD	2.7529958568528627
VAMP8	2.7448429117854936
MEPE	2.728040466364442
KLB	2.6919669984243475
DCC	2.683870692779559
GAPDH	2.6528386477742507
PAFAH1B3	2.651890478445655
CREBZF	2.635103674296105
PGA4	2.6336648417800923
TFPI2	2.6326094493113366
CD200R1	2.6222572177661863
TREML2	2.619287828938707
ARL17A	2.6050465332006727
MME	2.595507600760234
SERPINA9	2.5857396250750324
PKN3	2.584147358687633
NCS1	2.583339373725696
SCGB3A2	2.563487863685246
CST6	2.555832323726422
SPRY2	2.552421974353215
CLINT1	2.5387083705268108
MORF4L1	2.5204554217211292
APEX1	2.467757789505428
CACNA1C	2.4657376963116273
AMFR	2.4612174105282247
OGFR	2.457299350862622
MNDA	2.4530673892502697
COL9A2	2.443305082584913
PAG1	2.436440845499548
FGFBP2	2.427433423038695
GADD45GIP1	2.4258926858018826
C1RL	2.4149466248710345
ESPL1	2.414020304340937
CNTN5	2.4100799317704524
ECHS1	2.36545221845181
DHPS	2.3538330708869806
S100P	2.341694882515906
TPK1	2.3156629928405463
SCP2	2.3112771561370216
CEACAM1	2.2883217429756146
ZPR1	2.2760997061405
EIF2S2	2.2724943778227567
PAEP	2.2689898566615008
ACE2	2.2531602781590565
OPLAH	2.2503210822080164
PPP1R14D	2.249260165972841
COL4A4	2.2459190759455523
ASRGL1	2.2368556169106935
BPIFA2	2.226012405678113
GART	2.2236247025720903
GFAP	2.21199077498171
IGFBP4	2.211897099892764
RGMA	2.209528069062188
GRN	2.2013918513826964
SAP18	2.2011007807188117
NENF	2.201003409813576
PODXL	2.1992820638458856
HS6ST1	2.1946008698508206
CXCL16	2.189390846374199
COL5A1	2.1803331581417353
DPP4	2.1734795071886213
CCL21	2.171644348920247
MTHFD2	2.1651025946665383
C1QA	2.157459324803452
IVD	2.1471482634917445
L3HYPDH	2.1415637321375596
NUDT2	2.1374680766878864
EIF5A	2.1251988602086636
LIFR	2.122271134874905
LONP1	2.1217419817903513
SELL	2.120574458006873
PLA2G1B	2.117622827417228
SCARB1	2.1132617713285526
UHRF2	2.1127251461226764
ZP4	2.111405094506392
SF3B4	2.1086096235797456
GKN1	2.090765469953871
BAG3	2.077478179888022
S100G	2.0680849383213737
NEDD9	2.0584357367053934
CDHR5	2.05338178274232
CCL26	2.0514874161634995
FEN1	2.0445897156092805
PFDN4	1.9925308879482888
SFTPD	1.9807294724137208
ARL13B	1.980013582661799
BPIFB2	1.9689405711233023
CASC3	1.9605210499099064
RRP15	1.9561179185463056
EVPL	1.950156682216075
IL13RA2	1.948602880800443
LIPF	1.943698237854864
IL10RB	1.9368417826608275
REXO2	1.9339152649173343
ELOA	1.9143030868298887
ACADSB	1.9133907070811729
CRX	1.9122431133314013
PPIE	1.9075672338882872
CA7	1.906038782304222
SLC39A14	1.9037629390146626
COQ7	1.8858259868618579
CEACAM20	1.8835659448285094
TOMM20	1.882612018382579
GP1BA	1.8702640700044655
PBK	1.8672581802813024
TEF	1.865912585731861
BTN1A1	1.8647148979435633
RGCC	1.850969919042013
RAP1A	1.8441876499802843
RAB10	1.8382420754987772
C1QBP	1.8349514574844503
FN1	1.829954226637809
UGDH	1.827865560516774
ICOSLG	1.8236129025159014
OXCT1	1.8151158835742711
SPRR1B	1.8083906687957945
RBPMS2	1.805561467592723
GRSF1	1.7961874470661108
USP28	1.7947908611410117
NOMO1	1.781453535381197
MCEE	1.7789642373765917
AMN	1.778109200136161
PLAU	1.7769710500355118
LETM1	1.7759599656670628
CD300LF	1.7746796948859196
SCRG1	1.767496701236818
RBPMS	1.7540106080522424
CD8A	1.7410509661002558
IL19	1.7274127682848013
SORT1	1.7250307494638628
TCL1B	1.7244666013674814
DNAJB14	1.7210534931551817
RAB27B	1.7180752473697853
OCLN	1.708685243921385
CDH23	1.7054829243879033
BRDT	1.6960217320478819
CTHRC1	1.689296147050582
INSL5	1.686314558074185
CTSF	1.6735789664068241
ANXA5	1.6719422747903523
UNC5D	1.6639106775869947
APP	1.662943641576944
IL3	1.6614844361510914
BCL7A	1.6612853012278341
AFM	1.6600213222018636
FGF20	1.6600083966637826
ARTN	1.6540213352168316
IMMT	1.6522133268130352
CCNE1	1.642256406702625
STAM	1.638161784714855
C1QTNF1	1.6355280577632876
SERPINA12	1.6340239648080404
TLR2	1.6333617384357528
KCNH2	1.632200746792929
PTGES2	1.6308532030775749
NFKB2	1.6267534583148973
TNFRSF13C	1.62102718974178
STX7	1.5916811247460991
FCER1A	1.5884728028343837
IL17A	1.5806062418047966
MAP1LC3B2	1.5792335716946708
CD109	1.569974365210276
MYH7B	1.5695394094711759
PRUNE2	1.5664173007238187
FGR	1.54849672684416
SSH3	1.543079105277788
TGFA	1.522867015013922
PPP1CC	1.4926107321990234
CPLX2	1.491316252922656
AMOTL2	1.4905453428577444
CBX2	1.4897721150098442
ACOT13	1.4846009445643977
ASGR1	1.4817800261018672
PRG2	1.4804747243677459
RAB33A	1.478030078523669
F13B	1.4772624534435377
OLFM4	1.475848237495529
DUSP3	1.4731578486167174
TIMP4	1.4688745192540624
CA9	1.4672999862222371
CTSS	1.466170687606633
NEK7	1.463816286333706
PROCR	1.4451897058091179
SULT2A1	1.444439521612314
BCL7B	1.4320736763832156
WASF3	1.428936213758855
CD300A	1.4109798983693056
CDA	1.4101038274705542
GHR	1.4094329733420472
ORM1	1.3979938058885562
HYAL1	1.3961948416242642
LRP2BP	1.3940599232359412
SPP1	1.3849026170765393
PVALB	1.379867969191857
CLEC11A	1.3623074024800528
TFF3	1.3573151524466804
NAA10	1.3564885062315555
CLU	1.3531241181942308
F9	1.342936640875912
SEPTIN7	1.3348012744978697
LBR	1.3327770817899534
CXCL12	1.3305092221856052
IL10RA	1.3299973279653756
TOP1	1.3230233118975778
IGLON5	1.32209813836745
MZB1	1.3211507667937858
C1R	1.3192917512059823
CSNK2A1	1.317265407432529
ALMS1	1.3148586836387453
GLB1	1.3147415427644245
NME3	1.3073300108856927
ADRA2A	1.2961137100770659
ECE1	1.2937356674112148
METAP1	1.286002156932392
ADAM9	1.2758198130022929
NARS1	1.2731409827916815
MPHOSPH8	1.2676687746275754
TMED4	1.2663917224806793
IL6	1.265828724053463
LPCAT2	1.2610996559601442
EGF	1.2554116582886452
ZNRD2	1.2458115688618563
BDNF	1.242365770639452
ICAM4	1.2420882988499944
SAA4	1.2391236138010684
IGFBP3	1.234191078086196
TPT1	1.2334663354588806
NOTCH1	1.2327959230673253
TIE1	1.2288376433201678
RTN4R	1.2219814820415982
MFAP3	1.2164550936945826
CLEC4A	1.2152393862496638
TIMP1	1.206532090538208
CYP24A1	1.197974878972463
CSRP3	1.1942508747926972
ERCC1	1.1925125079589454
ITIH1	1.1899051039053345
CNTF	1.183541338473531
HK2	1.1815984783481606
DSCAM	1.1800623619411446
BCHE	1.1786931487112127
ANGPTL4	1.1764649180041316
PPP1R12B	1.1729842027136788
IL32	1.1706797422110977
NFU1	1.169918668928893
TMPRSS11B	1.1663476603719165
PTS	1.1569820160836393
CALCOCO2	1.1491102116438383
APOF	1.1462439378073601
MLLT1	1.1405366952920855
CXCL8	1.1377331727570317
LSP1	1.1350982933681002
MVK	1.1348012338899074
IGF1R	1.1336958062348916
MIA	1.1329543550724979
TPSAB1	1.1321409322508988
NUP50	1.1309082262133419
KYAT1	1.1289764460604725
HSPB1	1.1258828450826313
RNF168	1.123989784469968
MTIF3	1.1185470028496094
TARS1	1.117637612896415
GPKOW	1.1151823017515565
SERPINI1	1.1150580847097487
NPC2	1.1120797144970267
SHBG	1.1092581664219066
OTUD7B	1.1019287044549313
SCN2A	1.1019001417923344
ALCAM	1.092189809262906
FABP3	1.09010843807941
FGF3	1.0842222756240871
MPO	1.0815805404036156
PRKCQ	1.0775773818803045
AP3B1	1.0774758335092123
BGN	1.0720930620406146
HNRNPUL1	1.0691272729769616
FKBP1B	1.067969954320631
QSOX1	1.0633525781153947
CDSN	1.0630323754919246
GNPDA1	1.0594405451684414
OSTN	1.0581639710879729
PTN	1.0546058231941031
MTUS1	1.052434638755922
CABP2	1.049552813926993
NUDT15	1.0484494120448822
EPHA4	1.0483808558371353
PARP1	1.0410108467803034
TBC1D17	1.040773842427591
CBLIF	1.0388280159335004
CLC	1.0383722388753842
REG3G	1.0381756786569896
GABRA4	1.0378867206738949
EDNRB	1.0368748840823483
PDRG1	1.0324787566859046
ASPN	1.0321661366893964
CSTB	1.0283023660373363
CD226	1.0264755220226645
RLN1	1.02371014602651
PDLIM7	1.015874828291211
AMPD3	1.009269732653808
ARSA	1.0077826728990449
NFE2	1.0016404217912531
OPTC	1.0012099466607156
PRKRA	1.0004104323807455
IGFBP1	0.9957501334053649
ARG2	0.9848930393522578
PDZK1	0.9842601156372578
TCN1	0.9799707947179984
WAS	0.9712216714921683
GUSB	0.9670032858622457
POLR2F	0.9606400556983327
FABP2	0.9588314356033639
FGF12	0.9580404361215044
GSR	0.9547737914373289
DDAH1	0.9541429328550187
CAPN3	0.9524877225370625
CGN	0.9505508900537172
NADK	0.9501119771566303
ZBP1	0.9458822368040011
CRYZL1	0.9449257346495888
MOG	0.9446155053035966
SULT1A1	0.9390920599700889
KLK8	0.9348080438055905
FH	0.933808846820774
SEC31A	0.9255012612612764
EIF4EBP1	0.9208243667512144
RNASE6	0.916578387914444
FDX2	0.9159092179221616
CXADR	0.9155888270170296
GAST	0.913302822366353
JCHAIN	0.911426993277584
HADH	0.9038623322486083
TEK	0.9024075388201906
PPY	0.901009740085584
UROS	0.8971578048634158
CIRBP	0.8868594711783635
ATP2B4	0.8834499942161257
SEMA7A	0.8806766067920927
SLC9A3R2	0.8792613440899121
PCYT2	0.8776046714985246
CASP10	0.8669834828249536
RCC1	0.862490459098568
CCL8	0.8532771411549096
CEACAM8	0.8520842230709859
CTSD	0.8489886914222862
MANF	0.8482306110049036
DAPK2	0.8466466832728726
TNF	0.8459826635275454
FCAMR	0.840118022062265
KIRREL2	0.8387213510391013
MRPL28	0.8302390710986688
TIGIT	0.8279422710365072
PECR	0.8169046722067269
BLNK	0.810297268744357
GBA	0.8024848894157284
CASP4	0.8011967944109717
CTLA4	0.7983537004861687
IL33	0.7978745731604526
PQBP1	0.7944486404865624
SIRT1	0.7940385057472129
LTBP3	0.7902648620039718
FUS	0.7847922863752174
DDX4	0.7843141755437442
IL16	0.7822454492203739
ITGB1BP2	0.7797826329989218
SPINK6	0.7782291071751456
LAMTOR5	0.7661150581725533
NPHS1	0.7657940953279466
ITGB1BP1	0.7583661357705612
BAIAP2	0.7573866257835827
MAPT	0.749009976093687
VPS4B	0.746918204661991
SERPINA4	0.7458524625069443
LACRT	0.7455860698547883
TINAGL1	0.7428957858774442
EIF5	0.7380410827885101
ADGRD1	0.7374800654879442
GP6	0.7359460529171769
METAP1D	0.7341912620248868
ZHX2	0.7336980779846176
TCL1A	0.7325100121437556
HDAC9	0.7276355630315172
ANG	0.7233988698297819
STX4	0.7227724424906843
PPP2R5A	0.7208480011273724
RBM17	0.7195644787580493
GPI	0.7155389919817104
PHLDB2	0.7153346156263494
SUOX	0.7148817143925095
KHK	0.7145886289070653
NDUFA5	0.7145265291858443
CALCOCO1	0.7140305222821434
MED21	0.7090816979310453
CDH17	0.7084042950099254
KLK11	0.7077622826594443
APOM	0.7026771913318638
AK2	0.7024947770961394
CDNF	0.6985363895101899
CCL7	0.6970310409228235
EFNB2	0.6968166360078132
KIR2DL3	0.6955137747627216
RNASE3	0.6951340067157604
ITGB7	0.6932589842286245
RECK	0.6896310079576284
IL36G	0.6886468902181958
RBFOX3	0.685670183975684
CHAD	0.6846318131507971
STAB2	0.6824050510904012
CFHR5	0.678300624032418
GDF2	0.6751673456812686
PAIP2B	0.6734888022160542
CD27	0.6633674964899708
CREG1	0.6580349319188747
PFKFB2	0.6536788461635159
TMED1	0.6527193985883382
IDUA	0.6509932284122983
NUDC	0.6509128409683397
GRK5	0.6461355247571988
HMBS	0.6437904192096218
FGF2	0.6398854141000004
AGT	0.6382376951769616
IL3RA	0.628623534017517
CRTAM	0.6283306609744134
TNFRSF11A	0.6277176731406271
ANGPT2	0.6247322691365175
NMNAT1	0.6244191926806569
CFI	0.6208294702736133
F2	0.6200832348348806
CA5A	0.6167432326959209
GABARAP	0.6101031691153355
GFRA2	0.6087463737906176
APBB1IP	0.6028806053656406
HSD17B14	0.6025831588790159
GIPR	0.6021859513702916
CD5	0.6002740156322413
SUMF1	0.6000113419696901
AP1G2	0.5998315258240465
CASP9	0.5997495183975445
GBP2	0.5973966906941381
CDC123	0.5966769987184475
AKR1B1	0.5893511846634136
ANK2	0.588823271811258
TXK	0.5882962124212495
ANGPTL3	0.5879914416730305
IL6R	0.5865273452772751
HMGCL	0.5864284024893474
PRAP1	0.5820173296824113
CLIP2	0.5818685409546718
CCL18	0.5760158832162503
INSL4	0.5754455756691677
IGFBP7	0.5735045473414677
SMNDC1	0.5732825340967507
PACS2	0.5726702046301776
MRC1	0.5692403469918629
PPIF	0.5662432497707109
LHB	0.5640079490186178
CCL19	0.5581749517761586
IGFBP6	0.5572674870520367
PLA2G4A	0.5547129763862272
FMR1	0.5519168115759614
FST	0.5511671212693127
CLPP	0.546765774057012
MRPL58	0.5465373580277623
RILPL2	0.5433722157614436
SAFB2	0.5412394420347493
CILP	0.5405959983695687
FLRT2	0.5334625267771298
ANXA1	0.5310719085645967
ERBB4	0.5299513609060293
SLURP1	0.5292365088477893
CHMP1A	0.5285978593651345
RNF31	0.5282299841526772
IL5	0.5246228410179253
KRT5	0.5213330668031669
TNC	0.5178796116383447
SLC4A1	0.515023202628803
ENAH	0.5140013392815383
NT5C3A	0.5112836327970214
GLRX5	0.5045130277887512
CNTN3	0.5007325703394201
YARS1	0.5000691575957152
DENR	0.4986142870148321
OGA	0.4979721129028225
ESM1	0.49775428336718347
NAGA	0.4939115189305106
CDKN1A	0.4904957397697597
TST	0.48936178430602084
SCG3	0.4886239537846394
BAMBI	0.4871286996198647
TIMM10	0.4853003988882603
S100A3	0.48437878023222575
ECM1	0.47578461883028667
MCFD2	0.4726785535990018
RETN	0.47155773856060823
ECI2	0.4713104681412168
SLAMF1	0.4699659758925328
PAPPA	0.46843583461722715
CCL13	0.468054642087701
ACADM	0.467373701462663
SOD3	0.4672435041007871
AHSP	0.4650477600902237
HPSE	0.46347040358890484
CENPJ	0.4629176479168114
NRGN	0.46102487575158035
NCLN	0.4549030356950403
HARS1	0.45468399039992746
SORD	0.4535566206485147
NUBP1	0.4533339227435017
TBL1X	0.4532137434332165
STX3	0.44774263571938633
GTF2IRD1	0.44630694060649
TNFRSF17	0.44343365646959937
MAPRE3	0.44298462113369647
GLP1R	0.4423957191547898
GLRX	0.43719398981584695
KIR3DL2	0.43188152187044015
EIF4G1	0.43078981953077944
RANBP1	0.4305334404141658
CD69	0.41986644420367936
PLXNB2	0.41615684987033813
CD6	0.41404593271814155
AXIN1	0.4121259405338292
PRKG1	0.4109728216635017
PPBP	0.41047826604838145
CEP170	0.4099900000529946
PLTP	0.4087826227174269
NEFL	0.4087560149114353
XIAP	0.40798368795927115
EHD3	0.4075748349008822
ST6GAL1	0.40189924692407986
TGFB2	0.39979987291048885
LMNB2	0.39578817025916607
RAPGEF2	0.3822638446145642
PLCB1	0.38078259008051485
EZR	0.3797302184967077
ALDH2	0.3793219707202988
NBL1	0.3791344366432036
DYNLT1	0.37823464738422746
ATOX1	0.3755776302400474
SV2A	0.3739332857270084
CD63	0.37163256357015984
RHOC	0.3695065628747837
GNE	0.35793676999973556
KLRF1	0.35400096758189215
ANXA11	0.3410805795497873
ACSL1	0.33984494650377045
CD74	0.33672931566287667
ARID4B	0.32757108587078415
MRPL52	0.3254348034632979
IL9	0.32392997509759935
CRYBB1	0.32212674516803375
RUVBL1	0.32207808055273246
VSIG4	0.3216560265553166
PROK1	0.32107166952026245
LAP3	0.32017327106416177
CA13	0.3196935144029693
FUT3	0.31911905069225965
SPAG1	0.317603497338299
LIF	0.3126990665945909
DCTN6	0.3065528133321273
CDKN2D	0.30341307832873987
FZD10	0.30330617482915156
SMAD3	0.3027554764549161
TRAF3IP2	0.29442305438532357
DPT	0.29425016392210224
TCOF1	0.2898858642256335
HHEX	0.2886062103778425
KIR3DL1	0.28858993680958145
TRPV3	0.28474608334917184
LPA	0.2845510204753696
PREB	0.283535178865994
TFRC	0.2814788590798861
CDH5	0.2807982779049135
LY96	0.279963516231595
GRPEL1	0.27861812040038514
HS1BP3	0.2757037028815164
CD36	0.2756264723501751
DMD	0.2715182357481647
DBN1	0.27049420273754704
DCUN1D1	0.270472461312942
IL11	0.27038499942659555
TEX101	0.2690962143217295
NEO1	0.2677029028961888
PGF	0.26636601915789815
COL4A1	0.26626886000185923
DBNL	0.2659713133646112
LDLR	0.26264860629178005
ARAF	0.25763958137063614
IL1B	0.2571636527343277
TP53I3	0.25612789854247947
GAS2	0.2525097304808016
ACP5	0.25215675813433236
DNM3	0.24989362337846166
CDC26	0.24966377211188437
AIFM1	0.24500173422179594
PDGFRA	0.2448285351021193
IL17F	0.2421454155264373
ATG16L1	0.23924305760260386
ADA2	0.23715803226472315
LTBP2	0.23699731488393516
GGACT	0.23049273088754846
TXNDC9	0.2292349618923739
CLASP1	0.22912742762337648
TRIM58	0.22839115069976534
SPTBN2	0.22783718598377653
LGALS1	0.22565173296914884
GRIK2	0.22145008943310437
SPRR3	0.22096568036344139
DCTD	0.21921146450904058
CHGB	0.21858240727115752
ATP6V1D	0.21207917374943208
MTSS1	0.21087430589057155
TPMT	0.20995389974464243
VCAM1	0.20978664235980188
PI16	0.20966928103319396
TTF2	0.20541017450253957
ISM2	0.2051992638670504
TNFRSF4	0.20391119305148153
NT5E	0.20068851456157968
PKD1	0.19438832936074102
TNFSF13	0.19384788500876202
HIF1A	0.18977228529184023
ITGAV	0.18872192702661883
IL5RA	0.18868683677657888
EPCAM	0.1861650522713472
FSHB	0.18315896276493812
IZUMO1	0.1811719755426795
CD4	0.1802260278317681
IL10	0.17917759244991555
ADAM15	0.1772772053175115
PTK7	0.17645169247643055
GPR37	0.17561351410743548
SH2D1A	0.17436569883650999
MYO6	0.172137291791544
SCN3B	0.1699672531498044
MPIG6B	0.16842965195556517
MYDGF	0.1674586627973964
ROR1	0.15699471841792212
DUT	0.15410618275523283
NCK2	0.15346888580192045
NECAP2	0.1531224297750988
TGM2	0.15108227558871495
EIF1AX	0.1475954727160336
TIMM8A	0.14592655063622356
CNTN1	0.14420174679019188
SGSH	0.14268663638072823
ITGA11	0.14265386735290358
SCARB2	0.14236111884617947
MAD1L1	0.14163599549725214
PPM1A	0.13889882205744583
CCL15	0.13455460955227563
HIP1R	0.134114083656828
SHMT1	0.13405872134512184
FGF23	0.13259352730790783
ANGPTL1	0.13058557908662508
PTTG1	0.12452859695044212
MAEA	0.1230167632686189
METAP2	0.12146701014602998
MTDH	0.12115250298651395
ACAN	0.11357674790357158
CTSV	0.11307974605994667
KDM3A	0.11075465629475248
SEMA3G	0.1102131409429715
SEMA3F	0.1086024126456399
CLTA	0.10672055326563568
TFAP2A	0.10539373114629563
COPE	0.1015917710787247
FZD8	0.10021419025121753
KLK3	0.09996288265221229
MFAP5	0.09450559388323355
COL1A1	0.09312211926965774
TOR1AIP1	0.09113587002773899
IL31RA	0.08677829095468989
SIGLEC7	0.0821509286582272
TWF2	0.07979405235390907
SNCG	0.07863251942309249
EGFR	0.07795249030861387
LAT	0.0762894703697497
GHRHR	0.06844666297427952
COMMD9	0.06706832410372676
PSTPIP2	0.06702139971434748
ATF2	0.06624447801469026
ADH1B	0.06538050354308717
WFIKKN1	0.06479569061976868
NFATC3	0.06388654444901982
TMED10	0.06349503567199088
KIF22	0.0632198593021506
KLK1	0.05942404033635784
SIGLEC9	0.05764356560495594
CCL14	0.05761495757150026
EGFLAM	0.057286407188802735
LUZP2	0.05723110907604678
DAG1	0.056173588743492375
PCOLCE	0.055654196441794604
DDX58	0.054573655660371756
PROC	0.05423873298228024
DGKA	0.05120413598047384
SSBP1	0.05094306112533187
ATRN	0.048021190250267826
TXNDC5	0.04247621840006713
VIM	0.03957883024276718
OSM	0.03888643739077266
STXBP3	0.03733553786151911
CHI3L1	0.03458262120832742
CCL3	0.03304852639168057
CAMSAP1	0.03274309966560873
HSDL2	0.029277539378855605
CDH2	0.028784504059877564
GORASP2	0.02845499288527134
SNX9	0.02801457010044872
BTN3A2	0.025910829478798067
ADAM22	0.024612657452764156
CFH	0.021909059253252594
RGS8	0.021835215321700893
IL1RL2	0.020097008922554477
MKI67	0.017361575199020624
CD276	0.01416404386931508
POF1B	0.013368579060214575
FTCD	0.012280953998336758
VAV3	0.009142704406174956
PLA2G7	0.008387118291187351
IDI2	0.0070266808372276696
CRYM	0.003312634741895637
TRDMT1	0.0013843306115729759
NPY	0.000928269035074758
PSMA1	-0.0013643848502348649
RNASE1	-0.0019276100531159523
PRDX1	-0.0021737161056791104
CYB5A	-0.00241078340998499
ATP6V1G2	-0.0036546294376960664
TLR1	-0.005283535137088402
GM2A	-0.006615091993008276
DCN	-0.007816663343157476
CHP1	-0.008063969316938494
MYH9	-0.009239070831958546
SRC	-0.010176188360054739
SNRPB2	-0.010887121667372782
WIF1	-0.01578944204749999
CES2	-0.01664247445693301
PF4	-0.017090541092274286
DPP6	-0.01856359899800622
MELTF	-0.027145233573128286
RBP2	-0.02743615997866855
VASH1	-0.02773808309010614
CFD	-0.02981870658079315
NTRK2	-0.03261292838148708
GPNMB	-0.033211970819055386
MAG	-0.03966156604613762
SPARC	-0.04085925251224937
DSG3	-0.041217839982594165
ATP5PO	-0.04212590409792158
GH1	-0.04339751635981767
PDAP1	-0.04600599044470055
PMCH	-0.047289237924354285
RANBP2	-0.05542246516106862
GBP1	-0.056355725797407025
CWC15	-0.05662292685410507
DLGAP5	-0.05691394452333787
DEFA1	-0.05902764126811505
KLHL41	-0.05951214376082892
IRAK4	-0.05980875670827476
TNFRSF10A	-0.06402977628515172
FUT1	-0.07154566006435256
FXN	-0.07309438529294054
CLNS1A	-0.07325456250425522
NDUFB7	-0.07337260726685427
ATP1B1	-0.07501283895365307
NFAT5	-0.07544497366452615
RPL14	-0.07662346404731649
GSTA1	-0.07738194125700207
MMP9	-0.07828492190208927
EDEM2	-0.08105897619141991
APOA2	-0.08242971328633658
HBQ1	-0.08302290211374302
TREML1	-0.0839801068796881
CD79B	-0.09090059360478338
PDGFB	-0.09101201245940918
VGF	-0.0920183796448717
ARHGEF1	-0.0925661484476413
GIMAP7	-0.09270798165782862
RAD51	-0.09776726818012801
KYNU	-0.10372479280991069
RNF4	-0.10428025489769062
TK1	-0.10532229377226934
PSME2	-0.10932585905539338
UXS1	-0.11077111499694661
FGF16	-0.11151714320047214
CHM	-0.11277625929764505
ERC2	-0.11391315409830545
TNR	-0.11477031179617367
C1GALT1C1	-0.11831746760894628
TNFSF10	-0.11853927186945501
FBP1	-0.12003023171198364
ITPA	-0.12005959692646073
KLK13	-0.12638826556629199
ITGB2	-0.12734050101954447
SLAMF6	-0.12905781692965496
MXRA8	-0.13195856488072888
FOLR3	-0.13282230690678049
NPTN	-0.13324580951561937
PDE5A	-0.13498273226961865
ADM	-0.13731915407887893
CRYGD	-0.1412320251883427
IFNLR1	-0.14201140436952733
PTPN6	-0.1462841970176194
KLK7	-0.14667981390465792
DARS1	-0.1492134378699953
KAZN	-0.14997418560122866
ERP29	-0.15000726841088738
SMAD5	-0.15018224687331075
PCSK9	-0.15179415923585093
QDPR	-0.15544467247281485
FBN2	-0.15661577921687558
DCLRE1C	-0.15783467634457674
LILRB1	-0.16108003130807602
ADGRB3	-0.1616771329085191
NAMPT	-0.16376119949203824
NGFR	-0.16697170498594108
MGLL	-0.1697993801943017
FAM3C	-0.16993525047368407
STX1B	-0.1710063163198309
ITIH5	-0.17363290178360552
EPHA2	-0.173660676032143
SERPINB5	-0.17607148071664028
LATS1	-0.1778522911835808
MICALL2	-0.17887621155048103
CEACAM5	-0.18235564448253797
BMP6	-0.18347822888266252
VSNL1	-0.1859935689007665
TNFRSF12A	-0.186669745276794
USO1	-0.18693783052363483
RRM2B	-0.1895842074679062
NEB	-0.19002266842669965
WFIKKN2	-0.19102232028418187
AGXT	-0.19284720465663166
FLT3	-0.19308908365747482
THPO	-0.193736769873028
EEF1D	-0.1953562694985756
CD2AP	-0.1970578216976307
PADI4	-0.1989581397082497
CAPG	-0.1990928559252673
OMG	-0.19975565445942883
FCGR3B	-0.2027487512664149
LY9	-0.20284262889684243
ITIH3	-0.20438177879521724
NBN	-0.2045473170889974
ODAM	-0.20498494331547978
S100A16	-0.2061610343191927
OLR1	-0.2066139815040793
PLAUR	-0.2079709455340051
ARHGAP1	-0.20905945168761125
ANPEP	-0.21078007426298084
CD34	-0.2138212241856101
NPHS2	-0.22159444559510066
BATF	-0.22260196079009834
SEPTIN8	-0.2226988283371099
SCIN	-0.22290229335361372
IL21R	-0.2257401162556838
RGS10	-0.22755405690109312
DEFB118	-0.2281833180400509
HSPB6	-0.23020772994781474
NTF3	-0.23390629002330682
LTB	-0.23435841633565396
CLEC4C	-0.23445380842136898
PAXX	-0.236365957237742
TIGAR	-0.23803784835183875
BRD2	-0.23809779917661436
BACH1	-0.23843671170058428
GSAP	-0.23889313824945022
PLB1	-0.23908310360754315
IL1RAP	-0.24446551973867753
ANGPTL2	-0.2457906327552441
VNN1	-0.24891795018137225
GGCT	-0.2567880754899555
SERPINA11	-0.25693566593661116
RAD23B	-0.2571109355355317
SHH	-0.2576397777957913
SIL1	-0.2580032092134983
EIF4E	-0.2598942684638361
DNAJC6	-0.2629632072150309
DNAJB6	-0.26369866245938306
LGALS3	-0.2664706318549094
CHCHD10	-0.27085190727419217
TP53INP1	-0.2710576358988155
RRAS	-0.2722893862669052
MYOM1	-0.27419949415033035
EREG	-0.2763625371308347
GZMH	-0.2769710522766189
PODXL2	-0.2771540757439632
SELE	-0.2804349929777811
PRCP	-0.28306287094408783
S100A14	-0.2848438146618014
NCR3LG1	-0.2855211670975689
SIAE	-0.2856888213389874
SLMAP	-0.2863874320401955
LARP1	-0.28809306649275407
PDIA4	-0.28941575409610276
BCL2L1	-0.2904741279749346
TTN	-0.2906710406964467
DPY30	-0.29091020523157135
WASL	-0.2918040092878166
MAP3K5	-0.29211382851148426
ERBB2	-0.2982986177618686
CCS	-0.2987677277273095
HBEGF	-0.30062241667618333
NUDT5	-0.30069973428944463
STXBP1	-0.3009567124016505
CLIC5	-0.3031035989917009
HDAC8	-0.3035186128511266
DLK1	-0.30416181197243947
YTHDF3	-0.30573347560034014
TRAF3	-0.30579998839149775
EFNA4	-0.30701602760847857
RNF43	-0.3082782773706858
ABRAXAS2	-0.3095344276970654
PALLD	-0.3097520120242885
SERPINE2	-0.3113776011766405
ACTN4	-0.31187509219653675
LAMB1	-0.3149549938073485
C8B	-0.31841617315221404
LRP2	-0.31887267994592694
MAP2K6	-0.32032706987850035
KLK14	-0.3204279903272719
APOL1	-0.3214132432931452
TAB2	-0.3223174502138999
CLEC10A	-0.3245970742060695
MAVS	-0.32493183610599286
TBC1D5	-0.3254780992130797
COMT	-0.32957852793640136
SPINT1	-0.3304469065645026
FOXO1	-0.3309523880718387
CPA4	-0.33467315563932476
IRAK1	-0.33496037770081566
MYL1	-0.3350517872781167
LDLRAP1	-0.33532137071850027
SLC16A1	-0.33537752440056695
BOC	-0.3380177449305513
GALNT5	-0.3393334651572485
INHBB	-0.3400249287693999
SLITRK2	-0.3402429597215795
ZNF174	-0.3411928391903466
SLC34A3	-0.3443327150446578
SCGB3A1	-0.3461934629459004
RPS10	-0.3486157107578583
AMY2B	-0.3490014017751769
CACYBP	-0.3508685139536309
ITGAL	-0.35335181989484776
ACAA1	-0.35446655505075775
POSTN	-0.35451474017752016
IL18BP	-0.3549564297525555
KLRK1	-0.35542232283662334
DUOX2	-0.3557018268280195
PTPRF	-0.3558612502665255
AZI2	-0.3570637887971574
PCBP2	-0.35858758135092234
SOX9	-0.3594528564191489
GNGT1	-0.3636726003582768
PAK4	-0.36553434739248997
DLL4	-0.367046898766467
MAP2	-0.36720913431884006
DMP1	-0.3677316956857968
CAMLG	-0.36852755906060664
RSPO1	-0.3690161074135919
ANGPT1	-0.3691813002488534
DECR1	-0.3699098856786138
NRCAM	-0.37134813149433665
CD3E	-0.3714777089482445
VASP	-0.3748225549467501
EPS8L2	-0.37490571679426926
SLIT2	-0.3777701130264328
CACNB1	-0.3781402257673699
DAPP1	-0.37815321148063774
BMPER	-0.37922614570616364
GYS1	-0.3832408758706576
PLA2G15	-0.3836011771788542
MYBPC1	-0.3842828569798985
RPA2	-0.3848051047660387
EPHA10	-0.38589113617511495
DOK2	-0.3876501499016872
STAT2	-0.3877398208559367
CSF1R	-0.3916516886541851
SLC51B	-0.39170822976987135
MYL6B	-0.391873969724405
IFNGR2	-0.39207723803911604
LAIR1	-0.3938484027376893
MCAM	-0.39577265921253474
CCL11	-0.39684115481040144
SCT	-0.39744224984324683
CPB2	-0.3978229204922964
TNFSF14	-0.3984542508142438
GFRA1	-0.39851836002149943
GC	-0.3997661990166994
GOSR2	-0.40072842959683197
FGF19	-0.40247834233607793
CEACAM18	-0.40294925548670846
IL4	-0.40312878581104883
CALCB	-0.4034305021743231
DNER	-0.40546759320367387
CCL5	-0.4077362077792185
MPI	-0.4096487701755015
ADGRE5	-0.41324440914405536
SCN3A	-0.4152497978217714
CYTH3	-0.417029083626741
DAAM1	-0.41737948801519964
HSP90B1	-0.4195054481739001
SERPINC1	-0.41957862510632005
UBAC1	-0.420000396969199
CSPG5	-0.42020530134199663
IL17RA	-0.42301152158791844
KCNC4	-0.4232501028110236
MAPKAPK2	-0.4237855833167027
SLAMF7	-0.4239771756224724
SNX15	-0.4240958257366971
EBI3	-0.4258028216949291
ACOX1	-0.4266089351979916
MATN3	-0.42742849397492516
PRAME	-0.430206530514159
ALDH1A1	-0.43230178312393097
KRT19	-0.4323628109188349
LTA4H	-0.43252884932505564
LILRA4	-0.43323110823046584
RABEPK	-0.4344292869045264
EPHB6	-0.43467704927269357
KIT	-0.4352511441667496
LILRA6	-0.4356853493650593
PILRB	-0.4383846174570555
NOP56	-0.4399076992447945
PON3	-0.44275674839823825
GGH	-0.44574686351086396
ATXN3	-0.4457666175309689
LSM8	-0.45034530628721636
BLOC1S2	-0.4509873449860565
NPTX2	-0.45249495420095076
GPD1	-0.45369115346434585
CLEC14A	-0.4545550046948302
IL18RAP	-0.4551812603026144
PPP3R1	-0.4567666685304802
FCRL2	-0.45791865763998235
ENPEP	-0.4579781849532336
IL34	-0.4580661806138562
SCN2B	-0.46357475319939323
NCAM2	-0.4648948648321067
IFNGR1	-0.4649367477933861
REG1B	-0.46533278706361
MARCO	-0.46670114804955176
SIGLEC6	-0.4670991295100725
ACHE	-0.46784850550797374
TGFBR3	-0.46823346474785765
DYNLT3	-0.4702628234119456
GFRA3	-0.47282232079816966
FOLR2	-0.4731003106189079
CASP1	-0.4745382330071798
NPDC1	-0.47509658300015833
KLK4	-0.47647173841882484
NOTCH3	-0.4769037205183625
THTPA	-0.4791033116172303
DKKL1	-0.4824566346515181
RBM25	-0.48281998652535496
IL12RB1	-0.4851345086119416
FIS1	-0.48650315189274745
PRKAR2A	-0.48714984364668057
EPHX2	-0.48749305225583517
PSIP1	-0.4882597113736262
LILRB5	-0.48921562485244596
TPM3	-0.491173500655783
EHBP1	-0.49198703435640434
CLEC12A	-0.4935230733053464
ATP5IF1	-0.4955383919153784
SELENOP	-0.49669986923550724
SERPINF1	-0.4983732897139254
MTHFSD	-0.49868838409287
CCL20	-0.4992387133221947
FARSA	-0.49982545955298285
PNMA2	-0.5003518798847079
CLGN	-0.5012896162448149
HSD11B1	-0.5014341610183995
HAO1	-0.5030029382858885
TERF1	-0.5033288497255375
IL36A	-0.5033796080617048
DDR1	-0.504170345175239
SERPINA3	-0.5088404675215791
AZU1	-0.5094428357561192
SPINK4	-0.5098071835065747
ATXN10	-0.51140404838613
CST7	-0.5138209705167829
NECTIN2	-0.5157245435102888
CASP7	-0.5161181813864653
MRPL24	-0.5162999520777636
IL2RG	-0.5177645631922505
FGF7	-0.5179474090355202
CNTN4	-0.5198484210426282
PRSS8	-0.5210354093932882
DKK1	-0.5237672225798966
ROBO4	-0.5240010466536353
SCLY	-0.5254683108620948
NRP2	-0.5255351519695
PDCD6	-0.5275727595216719
CCL2	-0.5278573654744603
CCN3	-0.5308253663687871
FCGR2B	-0.5340523059539777
BTC	-0.5342539661014585
CALCA	-0.5350286626143441
LY75	-0.5359196005786668
RPE	-0.5362929040184886
HMMR	-0.538178823345629
CA2	-0.5391674287880995
FABP1	-0.5395233646719377
GAD1	-0.5396004425409295
YY1	-0.5404312551993078
CCN2	-0.5423826368865303
PRKAR1A	-0.5434668121193647
MEP1A	-0.544801166815682
FUCA1	-0.5454337718815769
NUDT16	-0.546092652872664
TFF2	-0.5464150083638172
ICAM5	-0.5473416627603689
HSD17B3	-0.5490096471742005
CRKL	-0.5502590667414473
IDO1	-0.5504047744680134
CES3	-0.5504858289993522
IL7	-0.5516240002915788
FGA	-0.5529050152311871
CHAC2	-0.5532459958300951
VTI1A	-0.5557800466210034
MUC2	-0.5562351695813946
GIPC3	-0.5596118549896618
ARSB	-0.5608405141909157
SUMF2	-0.5618009578069705
MBL2	-0.5631076614630839
PRTN3	-0.5632270017370565
S100A12	-0.5644069067747834
CXCL13	-0.5644720130693563
PTPN9	-0.5645742307345294
NAGK	-0.5660497599496099
CST3	-0.5683960089255494
TPSD1	-0.5685296662606053
TNFSF8	-0.5710172020875425
PCNA	-0.5731575167002609
CCL28	-0.5742897113531528
TIMD4	-0.5751424656839498
HGFAC	-0.576820229736187
NFASC	-0.5773283773055389
GPC1	-0.5774776379372027
DBI	-0.5853275410993489
ATP6V1F	-0.5854124190117801
CRTAP	-0.5855604946749738
KIRREL1	-0.5877089872084771
PRL	-0.5883345369996786
RNASEH2A	-0.5906281957443886
KCNIP4	-0.5923684082457048
IL31	-0.5941923734854868
ENO1	-0.5950941075445035
NRXN3	-0.5972785197471362
MARS1	-0.5975380763201413
GADD45B	-0.59795555827419
ROBO2	-0.5992842280235964
C1S	-0.6003507468462858
LAMA4	-0.6015100610533306
NAP1L4	-0.6019579096672847
KLRB1	-0.6034439829703886
AK1	-0.6047864609432453
GCNT1	-0.6048341517128515
KIF20B	-0.6086035696326804
REG3A	-0.6088466760972404
ENO2	-0.6119477786185556
SFTPA2	-0.6126361391588266
CDON	-0.6134767716275432
TAP1	-0.6145443639837254
FSTL3	-0.6148691623779906
MSR1	-0.6148863942325898
AMY2A	-0.6154447176997622
PIBF1	-0.6163929089025394
SCG2	-0.6167837580894902
PDP1	-0.6181901126881146
TNFRSF13B	-0.6185836678229446
ABCA2	-0.6193322353263278
DDT	-0.6195643022723142
KRT17	-0.6214487171283216
CRISP2	-0.6229251346551319
NLGN1	-0.6243290130698798
NRN1	-0.624447773367218
C3	-0.624532180171372
BLVRB	-0.624863392576095
BAG4	-0.6248701294662989
SLC9A3R1	-0.6256058251190948
BHLHE40	-0.6260767206381499
SFRP1	-0.6263678183749698
DGKZ	-0.6292423729417707
EBAG9	-0.6298407570322551
LCAT	-0.6335574300629874
SEL1L	-0.6337917085749456
SERPINH1	-0.6381000778085958
C9	-0.6391020092413633
CD55	-0.6396642289150973
TSC1	-0.6409453263106738
PFDN6	-0.6410797563389096
CFHR4	-0.6424150472380725
CBS	-0.6435181607804519
DNAJA2	-0.6450012056500608
CLEC4G	-0.6453138398199257
FCRL5	-0.6466024608728209
GFER	-0.647203040231925
SERPINA7	-0.6475172220308612
INPP1	-0.6488950229563657
GSTT2B	-0.6505619607233374
SIGLEC10	-0.6505985689571627
ENOPH1	-0.6508127150441958
WASF1	-0.6524745130143024
F11	-0.6525055656477485
CRISP3	-0.6534672154937121
CSF2RA	-0.6535955233423265
REG1A	-0.6540547264378122
CEACAM6	-0.6552069997540841
AFP	-0.6552907669120492
MAPK13	-0.6560507549756248
CD28	-0.6568932600501284
CD86	-0.6585956357817606
NPR1	-0.661803944517288
SOD2	-0.6618244236016394
NACC1	-0.6644814876478589
ITGAX	-0.6653201259707813
CA6	-0.6685319669449571
HSPA2	-0.6707542214369123
LCP1	-0.6720277555945837
GSTA3	-0.6758557861603471
GSTM4	-0.6761261127393355
MAP4K5	-0.6763936984672566
HRC	-0.6776284062731914
CASQ2	-0.6780948743848534
BRK1	-0.6803572011689725
PSPN	-0.6812734689326234
BCL2L11	-0.682986349662581
SWAP70	-0.6846174291953642
NFX1	-0.6851908772743014
SAT1	-0.6856617714081913
PPT1	-0.6857952808895094
RELB	-0.6866144938152913
IL1RL1	-0.68703845384369
SMOC1	-0.6872142989004323
PAFAH2	-0.6875053007375718
GHRL	-0.6880893235305723
AHNAK	-0.6882355219948557
CXCL14	-0.6892062736447997
ERBB3	-0.6896245759697008
DOC2B	-0.6915803552183875
PGLYRP1	-0.6919985599555561
FAM20A	-0.6932703342446331
TJP3	-0.6933901590371475
HSPA1A	-0.6951534703730297
ILKAP	-0.6959490968240933
PPME1	-0.6988841930378207
PDIA2	-0.6997162022857608
VNN2	-0.7001152831162233
INHBC	-0.7009519059569251
SNX5	-0.7011405549465157
MAGED1	-0.7020450144035039
TMOD4	-0.7030948733336598
PRELP	-0.7050611044849281
DSC2	-0.7052536956726304
CINP	-0.7086399022793223
MYL3	-0.7093805154775019
ADA	-0.7097727809018717
MPRIP	-0.7109182973527914
IFNAR1	-0.712466132884312
PTPRB	-0.7126539559660758
SNU13	-0.7130866732346597
SPON1	-0.715568040261067
AGBL2	-0.7156757125451879
SIRT5	-0.7174470701982132
MGMT	-0.7175971769297511
TREM2	-0.7180624734497888
AMOT	-0.718507692612175
IGF2BP3	-0.7198963023840217
DNAJB8	-0.720432403252849
F2R	-0.7225319892655513
PAGR1	-0.7229800837523117
RAB6B	-0.7241697957980605
ADGRE2	-0.7253719899156349
NGF	-0.7274097643655992
DTX3	-0.7276629694400958
GALNT3	-0.7281620065524546
IL1R1	-0.73004240363635
TNFRSF6B	-0.7311892675527152
AKAP12	-0.7330089135538237
HYOU1	-0.7343671448690261
CXCL6	-0.7348185133553563
AMBP	-0.7351297285556283
CPPED1	-0.7364185423238452
VIPR1	-0.7366480836803179
NCR1	-0.7375946678592504
CD2	-0.7377747261534691
GAMT	-0.7397394639648589
BSG	-0.7403853376039264
NIT2	-0.7405843435769566
HSBP1	-0.7415390067990513
DLG4	-0.7450286779117397
DIPK1C	-0.7454956677270214
PDE1C	-0.7460526705054771
MORF4L2	-0.746314762204213
LYVE1	-0.7463755898572617
BNIP2	-0.7470215296477025
FAP	-0.7477435336779645
SCGN	-0.7496064004055963
TNFRSF21	-0.7505500669217937
GRIN2B	-0.7516298137910302
EPO	-0.7517149661556033
ZBTB17	-0.7532172949260447
LTA	-0.7541759120890105
IL13	-0.754348482183657
IL15	-0.7544343719485838
AMDHD2	-0.7570742466970766
PLA2G10	-0.7573071913727834
LGALS3BP	-0.7577083897192126
CLEC3B	-0.7579651793790049
IFNL2	-0.7615081404953148
CCN1	-0.7625389818889667
LTO1	-0.7626287577781031
CA14	-0.7633898927221262
CD3D	-0.7641807185980589
VTCN1	-0.7651495795205154
CHRM1	-0.7656250286619497
IPCEF1	-0.766767928944845
ESR1	-0.7669473602686427
CD83	-0.7680449106193759
IL22	-0.7681711008845233
IL2	-0.7682539417372911
PLAT	-0.7713331390282737
CD40	-0.7720548338415033
GIPC2	-0.7728813761496651
PDGFA	-0.7735002794506177
WFDC12	-0.7737029808107176
MIF	-0.7747479277573592
CD300C	-0.7762682672269384
DLL1	-0.7763448251149911
CCND2	-0.7803501567595142
MSLN	-0.7805393658239801
GDF15	-0.7841889214003362
GGT5	-0.7843938960249137
THY1	-0.7847140030784007
CD58	-0.7885828910276151
SKAP2	-0.7887200032085284
EGLN1	-0.7890829783659425
TDO2	-0.7893675276270464
TNFRSF10B	-0.7902603478085908
BOLA2	-0.7909626746411709
JAM3	-0.7911685095512754
LEFTY2	-0.7918431455995989
CD248	-0.7926524546672478
ITGAM	-0.7928559198836892
CHL1	-0.7939043576211517
TFPI	-0.7949336927682629
RILP	-0.7956344683629589
SNX18	-0.8009254726056882
SYT1	-0.8016212890694225
IL20RA	-0.8034012804208012
HMOX2	-0.8070561109735326
FES	-0.8078023436316115
STAMBP	-0.8079480009654724
SMPD3	-0.8092517217062394
FCER2	-0.81069338223423
BIRC2	-0.8121526724494799
CD163	-0.8134470238764072
BRD3	-0.8140446281801581
ITGB6	-0.8155395761346682
STX8	-0.8156003786111371
TNFSF11	-0.8169685845897312
LAT2	-0.8171449357347188
ST3GAL1	-0.8173193671408272
POLR2A	-0.8183458941870214
FOLH1	-0.8192640844352745
INPP5J	-0.8196099108258782
RASSF2	-0.8202962722619846
STK4	-0.8219498575410166
AFAP1	-0.8226919282213949
CD177	-0.8233187139175528
TACC3	-0.8238106427798675
ENO3	-0.8253236510048002
ARL17B	-0.8261499133782867
PSMD5	-0.8269284977014612
EPHB4	-0.8273632568539133
ELOB	-0.8275297317173048
BMP4	-0.8286466057235705
CAT	-0.8287838697254566
INSL3	-0.8306479933433346
LILRA5	-0.8309980912997198
GOLGA3	-0.8310424999350754
TBCC	-0.8318087925073541
PKLR	-0.8319298174664729
SAT2	-0.8324325522731613
DEFB104A	-0.8327533218301777
STX6	-0.8327996942104152
SLIRP	-0.836056154386673
BANK1	-0.8373091585396762
TP73	-0.8380468730384427
FGFR4	-0.8382693201740199
IGBP1	-0.8390392421101851
GGA1	-0.8399748687627864
SELPLG	-0.8401630900909729
MITD1	-0.8413158549930773
LYAR	-0.8414960253549004
TIMP3	-0.8428596138442521
PZP	-0.8445696555133371
TMPRSS15	-0.8452984975047501
WASHC3	-0.8471028958323226
CTRL	-0.8488372760982319
EXOSC10	-0.8489234866365187
WWP2	-0.84962025474505
COMMD1	-0.8520860298753992
KLRD1	-0.8524080213460988
IL12RB2	-0.8526212161195725
HRAS	-0.8539452819214884
RNF5	-0.8544029594489051
INPPL1	-0.854486138057934
LEO1	-0.854677285149448
SAG	-0.8550554224644233
TBCB	-0.8558261257773634
LMOD1	-0.8569919118673144
COL15A1	-0.8582201430584757
TRIM24	-0.8588971306884735
PSRC1	-0.8589618747830102
C4BPB	-0.8597909634524961
MMP7	-0.8605260442273268
PRKD2	-0.8617158553010331
LYPD1	-0.861806323422136
CLEC4M	-0.862880756483738
ADAMTS13	-0.8634574566365456
SLITRK1	-0.8682747157779338
BCAT2	-0.8689879160902094
FCRL1	-0.8712658987632437
RAC3	-0.8713606157569163
PCDH7	-0.8718337119825323
TANK	-0.8718902933208341
LMOD2	-0.8752282518030662
CRNN	-0.8754226012947204
MMP3	-0.877308896404994
TNFRSF9	-0.8775226532517044
NTRK3	-0.878688488795146
PDCD1	-0.8787917056216403
CSF3R	-0.8797709328126722
MCTS1	-0.879932953651866
SEMA4C	-0.8800220247945958
F10	-0.8813222523759301
TGFB1	-0.8813253943689019
RLN2	-0.8821975765029592
CD274	-0.883268920035354
IL24	-0.8848586006587439
F3	-0.8850510310590486
RANGAP1	-0.8853854127359586
SOX2	-0.8855196672036632
CSPG4	-0.8855416441625152
CLMP	-0.8861674066800752
ERMAP	-0.8877639031938732
CXCL3	-0.8891784695055396
GBP4	-0.8911808316799092
PPL	-0.8915156434933914
LYN	-0.8915213252873392
REPS1	-0.893630278719484
CDH3	-0.8946315720682643
TLR4	-0.8948737822611256
NT5C	-0.89627925995672
CA12	-0.8963013934434885
ITIH4	-0.8993744498894182
PTH1R	-0.8995161863995266
SEPTIN3	-0.901040389269737
PPIB	-0.901142504152463
STK24	-0.9018731194374863
PSME1	-0.902069538381886
PLCB2	-0.9026507622775595
LGALS4	-0.9047212137939906
ENSA	-0.9068740319848271
THAP12	-0.9095498099927743
IL1RN	-0.9110282176073471
SART1	-0.9114904276092795
APOA4	-0.9118229052013448
FADD	-0.9128788236916447
CD82	-0.9138679479829144
PARD3	-0.9143614404221361
MNAT1	-0.914968234866351
PIKFYVE	-0.9151619363884357
UFD1	-0.9151833714732113
TNFRSF10C	-0.9161798547711606
TRIM40	-0.9194612641082788
RNF41	-0.920857946379426
SMAD2	-0.922090412328474
REN	-0.9222045755077061
KIF1C	-0.9244141155609289
DDX39A	-0.9257468186975697
HBZ	-0.9276517730909635
CTF1	-0.9283217530705725
CTSL	-0.9290698042992493
FKBP5	-0.9302512312770104
LSM1	-0.9326733417634325
ADD1	-0.9343670634242722
TNFAIP8L2	-0.936154416013984
ENTPD2	-0.9373095115280017
TP53	-0.9376020195163495
EPGN	-0.9383317908255591
CENPF	-0.940096953101796
STX16	-0.9401106016839482
LRG1	-0.9407012562778274
MAX	-0.9433543920435168
SIRPB1	-0.9435066469860951
ATP6AP2	-0.9454139889184157
TMPRSS11D	-0.945433087503945
PLXNA4	-0.9483919021202072
RWDD1	-0.9484992955260781
TNXB	-0.949555797408
ENPP7	-0.9495923784573594
FABP4	-0.9497958544896563
KLK12	-0.9503476175431816
NT5C1A	-0.9508410563015905
EIF4G3	-0.9513046579538083
GUCA2A	-0.9515092271274115
FURIN	-0.9515792860838557
PTPRK	-0.9526929495930676
UPB1	-0.9544994175306893
DNAJA4	-0.9554128816752894
FASLG	-0.9588701375376174
GIGYF2	-0.9596346724897005
TSNAX	-0.9599858686829226
AP2B1	-0.9601117979326285
COX6B1	-0.9606051694041691
SERPINI2	-0.96181648009993
TNFRSF14	-0.9635355244884733
PMVK	-0.9649605701228692
ELN	-0.9651348759568201
PXDNL	-0.9652077475982626
PSMC3	-0.9655577421330725
NID1	-0.966561194150082
CEBPA	-0.9667215299856922
BGLAP	-0.9667538735952919
NECTIN4	-0.9671889269903949
SORCS2	-0.967313749989329
NDST1	-0.9685628415658638
CLSTN1	-0.9688363334149026
ABL1	-0.9692513663945723
SERPINA1	-0.9693540374879241
SYTL4	-0.9700245306023065
PDLIM5	-0.971012971865876
VEGFD	-0.9740677099257289
SPART	-0.9758120406110631
CIAPIN1	-0.976382226249227
CCN4	-0.9775108504732688
TNNI3	-0.9786424404558293
SYNGAP1	-0.9793209193893031
CNTN2	-0.9812582668665211
MDK	-0.9828176461299952
ARG1	-0.9831214630898757
HLA-A	-0.9831272764268113
SUGP1	-0.984018715755316
CXCL10	-0.9858616663059169
ASAH1	-0.9863280772028689
B2M	-0.9864102276058668
PRDX2	-0.9873771026874796
CTSB	-0.9874227700692791
HMOX1	-0.9879351157519527
CLEC1A	-0.9879513314625312
ACVRL1	-0.9882359052951896
BPIFB1	-0.9882551457236924
BID	-0.9904495270799126
STK11	-0.9905944314359425
RAB3GAP1	-0.992080063708334
NUCB2	-0.9931619525282558
CXCL11	-0.9934194354583412
ZP3	-0.9936718325200433
INSR	-0.9942812750796663
AOC3	-0.9950912527164384
PTPRC	-0.9961446117851056
IL18R1	-0.9977323042866906
ATXN2L	-0.9979593294197915
CLEC1B	-0.9979977487915406
NCAM1	-0.998523997771648
RABEP1	-0.9990323485756758
LPP	-1.0007440500725706
GGT1	-1.0008410325517982
KRT18	-1.0019381627267738
CALB2	-1.004338910116444
SH2B3	-1.0053168029681547
DNPEP	-1.0054227303311594
MICB	-1.0059811163868955
SCRIB	-1.0061123208960945
EFNA1	-1.008080878662668
FOLR1	-1.0081425167168347
MINK1	-1.0083830733384112
CSF2RB	-1.0103459665427876
MUC16	-1.0106314091053439
SNAP25	-1.011453330649892
ZNF830	-1.0119772673005032
PTH	-1.0135943520559159
ERP44	-1.0136059648839963
HTRA2	-1.0136130857532728
DIPK2B	-1.016870030967016
WDR46	-1.017135425500058
IFNW1	-1.018536119822179
KRT8	-1.019027089417394
VPS37A	-1.0204222220492516
BAX	-1.0208139421926639
YOD1	-1.0224672588669528
DEFB4A	-1.0237824856743043
CDK1	-1.0239097894541331
MSMB	-1.0242646107497877
CST1	-1.0243247373679907
PSMD9	-1.0247840536222066
GLI2	-1.025671084235351
ADH4	-1.0260282623676449
PPP1R2	-1.0269422033108908
STC2	-1.0271154694924594
CD200	-1.0274498533492384
PENK	-1.0281138026302639
MMP8	-1.029731062695861
AGER	-1.0299897723529134
SLK	-1.030151256448564
MYCBP2	-1.0303223418510101
CPB1	-1.0314684883366483
TADA3	-1.03184199263563
TSLP	-1.0327976049338785
SFTPA1	-1.0339232333570556
CCL24	-1.0344129914497153
GOT1	-1.0366271228182522
PPP1R9B	-1.0400005170259612
HAVCR2	-1.0403291320677925
LAMP3	-1.04046218951943
MSRA	-1.0413312892648088
RAB6A	-1.0413448033276003
IFIT3	-1.04296084178225
IL6ST	-1.0445332188159555
FCRL3	-1.0447983225544215
ABO	-1.045343065896851
CSF3	-1.0454964747416682
TNFRSF11B	-1.0492065507710264
CXCL1	-1.0505749489902378
SIGLEC15	-1.0524055334714273
MMP13	-1.0534660146842791
SMC3	-1.0542060330044072
DXO	-1.0545314643312411
SNCA	-1.056208921612565
RRM2	-1.0562673964573954
CDH4	-1.056354856980261
CR1	-1.0567177482748722
MRI1	-1.0570719577494436
CD84	-1.05960612743616
PSMG3	-1.060494997679899
GCC1	-1.0606653081300683
IL20RB	-1.0612255713243275
PGR	-1.0625589520091654
HRG	-1.0636236932513845
EPHA1	-1.0651664556158182
UNG	-1.0659455016860886
BLOC1S3	-1.0672753433214033
MYO9B	-1.0673195010011718
DEFB116	-1.0676386885515319
PMM2	-1.0688092396175748
NIT1	-1.0706272946678477
SCGB1A1	-1.0720818299167605
EFEMP1	-1.0741910485220956
PCBD1	-1.0745710363948215
PSAPL1	-1.076002593664203
MORC3	-1.0772185620781718
APOA1	-1.0776216291856773
IMPA1	-1.078311222185918
TYMP	-1.080391759574849
DDI2	-1.080891747579474
POMC	-1.0813880328225316
GZMB	-1.0813944708074164
ROBO1	-1.0814971456179225
SFRP4	-1.0817128908705924
KIFBP	-1.082644269712593
IST1	-1.0827696836991958
MMUT	-1.0840299025712765
ANXA2	-1.085192214997883
TIA1	-1.085577927203921
ITGB5	-1.0863429700702607
TGOLN2	-1.0872733340052165
HCLS1	-1.0880798057196408
RBM19	-1.089330349802409
SCN4B	-1.0895510751672846
GIT1	-1.0903086132565267
GTPBP2	-1.09197684910399
CGB3	-1.0922364292086393
TNFSF12	-1.0922459169071181
CCL22	-1.0925520600225598
CORO1A	-1.0926465249721182
CX3CL1	-1.092750744310099
ATP1B4	-1.094387724742072
LECT2	-1.0944734298138048
MLN	-1.0952932660814403
GABARAPL1	-1.0963069852044776
DNAJB2	-1.0963325489550595
SMAD1	-1.096397292602501
UBE2L6	-1.0972138834357628
ARHGAP5	-1.0972346158201525
ZFYVE19	-1.099332773795212
CNST	-1.0993941731594183
ATP1B2	-1.099781510186776
KRT14	-1.1003428988486794
CA3	-1.1003944716266967
MYLPF	-1.1005495045512244
GNPDA2	-1.1007889558893638
SOD1	-1.1008432590977169
GCG	-1.1010708525148427
NFATC1	-1.1014225108994768
USP25	-1.1036143533701346
AKR1C4	-1.1037597966477193
ITGB1	-1.103893060927482
MED18	-1.1040170923009789
CD7	-1.104229850699591
TGFBR1	-1.1058002244107872
BCAN	-1.1065130411742965
DRG2	-1.1066326438030167
GUK1	-1.106717068681529
TBR1	-1.1069810161124929
CD160	-1.107474997474889
CC2D1A	-1.1081223440436934
PSG1	-1.1091242571351037
LILRB4	-1.1097436151332332
APOC1	-1.1114311826092793
CD48	-1.1116433825999024
KLF4	-1.111693009218696
MTR	-1.1135834359685717
KLK6	-1.1136377348797264
COL9A1	-1.1139594030447073
PLG	-1.1142046274666204
CNP	-1.1144502953414992
COLEC12	-1.1165177538865954
TRAF2	-1.1166214142743034
PGD	-1.1167654678058125
DDX1	-1.1190024405910053
GUCY2C	-1.1210060254137995
PIK3AP1	-1.121436274719233
DCTPP1	-1.122741121029593
PLXDC1	-1.1228191477008214
BECN1	-1.12352867620862
CLPS	-1.1237301665421433
DNAJB1	-1.1240726515878148
CADPS	-1.1245333161170252
DKK4	-1.1251567147259753
IL17C	-1.127330938025179
FGFR2	-1.1275060492966724
IGSF8	-1.1280189792234459
IDS	-1.129163736232534
FCN2	-1.130994988827033
YES1	-1.1313731469325732
IQGAP2	-1.131622092836883
TDP1	-1.132204969994806
COL18A1	-1.132726979452964
GRHPR	-1.132736377775913
GIMAP8	-1.1345765294301586
NCF2	-1.1345781014343745
SEMA6C	-1.1349708028422905
CHGA	-1.1350079527282104
NTF4	-1.1352187900861097
PILRA	-1.1354176331153933
PYDC1	-1.1357805054725925
GRAP2	-1.135819442755841
XRCC4	-1.1360546559313511
CDH1	-1.1360929588191786
COL3A1	-1.1364394493693344
PRKAG3	-1.1380870149702842
TRIAP1	-1.1385618163907898
COMP	-1.1397172869219905
OSCAR	-1.1413120309916973
DFFA	-1.141574744324847
CD72	-1.1417226971929302
CELA2A	-1.1419260664430333
ATP5F1D	-1.1419618201840667
AHCY	-1.143110668797365
P4HB	-1.144378911377752
NPL	-1.1448970264401837
ST13	-1.1464721464285998
CDCP1	-1.1464998741425336
LILRA2	-1.1523462800818494
IFIT1	-1.1536538104614071
LRFN2	-1.1543067373795424
ENTPD5	-1.1543317740934491
IFNL1	-1.1549866595223501
PSMG4	-1.1550855472828232
ALDH3A1	-1.1557689946919254
CSF1	-1.1557810578198644
DEFB103A	-1.1563852350492905
PTEN	-1.1566467371307714
MMP15	-1.1574428700490853
SLC27A4	-1.158217903310394
RNASET2	-1.1583486933867877
NOS2	-1.1587315675604954
STAT5B	-1.1589048099731756
MMP12	-1.1592772531204223
CD40LG	-1.159727937314727
NLGN2	-1.1597499568152325
CD14	-1.1604446866591254
NPPC	-1.1606011206490274
BCAT1	-1.1612673532501376
GCHFR	-1.1625493989085611
CEBPB	-1.1634318419296434
DNM1	-1.1645394528566735
PCARE	-1.1653188225048665
CLEC4D	-1.1659397933538438
DOK1	-1.1664980926802362
RALB	-1.1674479923016996
STAU1	-1.1679111737909453
NID2	-1.1688620782777628
LGALS9	-1.169519251028914
EVI2B	-1.1711418701349876
VEGFC	-1.1717914013724688
F7	-1.172342114353485
CXCL5	-1.172607160880466
DDX53	-1.1726149006286923
PKD2	-1.1745793485798615
DYNC1H1	-1.1758003872291651
AOC1	-1.1765097626296144
DKK3	-1.1769798566343237
ALPP	-1.1774612514551515
SERPINA5	-1.1786869566589753
GAS6	-1.1796775857174975
FNTA	-1.180176730934812
DPP10	-1.1805785734897336
PTGDS	-1.181142061796135
LRRC25	-1.181518458320695
FETUB	-1.1820594664407804
PLIN3	-1.1832347106741312
PRSS2	-1.1834177467453806
NECTIN1	-1.1841339844574823
PM20D1	-1.1842420256238924
LPL	-1.1847216144988473
SERPINA6	-1.184962915995409
CFB	-1.1856198725942932
RAB11FIP3	-1.1856647565316853
VPS28	-1.1864972363454318
ULBP2	-1.1868078888448217
DTNB	-1.186866692963055
WNT9A	-1.18814636011436
FYB1	-1.1887174101868079
FOS	-1.1891614921361988
DNAJC9	-1.1892793110631252
CFHR2	-1.1899992858716228
ICAM1	-1.1911519218284965
FGF5	-1.1914340839969337
MRPS16	-1.192282137612229
NUMB	-1.1926186511326993
OFD1	-1.1928613891238231
TCTN3	-1.1934290574176485
GALNT7	-1.1936210916417767
THBS2	-1.1949442066197185
ALPI	-1.1950014027060964
TBCA	-1.195090169333626
PPP1R12A	-1.1957613657864496
THOP1	-1.1964500381412437
HAGH	-1.196494981012909
S100A4	-1.196548745093679
TNFRSF8	-1.1975605128178908
CEP152	-1.1977695064381366
CASP2	-1.1982823480653368
SMS	-1.198896080635084
CKAP4	-1.2000236948477454
IL20	-1.2006336874105537
GAGE2A	-1.20120478533743
TOP1MT	-1.20170775339721
CGA	-1.203482551553525
PLXDC2	-1.2046709206487896
PRR5	-1.205949462525995
FOSB	-1.2062038789713152
CCT5	-1.2064342886837136
TGFBR2	-1.2065065421647563
PXN	-1.2069612376298229
KRT6C	-1.2071456804266796
DCTN1	-1.20782767665519
HTR1A	-1.209093093507246
GMPR2	-1.2095005381272748
OXT	-1.2099189904386205
GNLY	-1.210792531407018
TACSTD2	-1.2109433444041415
SIGLEC8	-1.2115121344800401
TXNL1	-1.2120147703227582
NFKBIE	-1.2121178337040202
SCGB2A2	-1.2132756118193009
TFF1	-1.2141366097921655
RASA1	-1.2142392618171147
OMD	-1.2145532308584839
CD99	-1.2145688151246368
PSCA	-1.2148318287285376
EPN1	-1.2153908211223334
CA4	-1.2156757289003932
C5	-1.215715624976102
S100A11	-1.2157453955609143
RGMB	-1.2167827628706454
EDF1	-1.2168775622764858
DAB2	-1.2172576336512098
SPOCK1	-1.2173249784674063
XPNPEP2	-1.2184580665869162
RNASE4	-1.2186693557045025
ADCYAP1R1	-1.2189823727877416
GET3	-1.2204035243995839
IL17D	-1.2205701760543342
ARNT	-1.2207829792514069
GH2	-1.222246156726606
SCARF1	-1.2223666893392267
BTN2A1	-1.222517789183691
CEACAM19	-1.2225302270362497
GPR158	-1.2237718465240177
ADGRV1	-1.2245917527055146
HNMT	-1.224651550826401
SIGLEC1	-1.2250868859761437
ARHGEF5	-1.226306891373611
SDC4	-1.228064382494888
TALDO1	-1.2284644852195297
DCTN2	-1.2285494655591034
CDC37	-1.2299044512297281
GLA	-1.231082356732005
ADAM12	-1.23148364304592
SNAP23	-1.2316821183723463
SNAP29	-1.2337760979162877
ARID3A	-1.2339076988127167
CD46	-1.2363627751358595
XCL1	-1.2366479996903113
EDAR	-1.2373269883460047
LAMP1	-1.237577752885051
PNLIPRP1	-1.2377991108026842
IL15RA	-1.2378791700684482
CRYBB2	-1.2393731490997957
RGL2	-1.2396972613857717
IKBKG	-1.239726029391907
CASP8	-1.2397626968146362
MFAP4	-1.2399575048995013
PSMD1	-1.2411171382952064
PLA2G2A	-1.2414993577776974
MAPK9	-1.241672873705623
ATG4A	-1.2422476105463605
CEP164	-1.2423295893005197
IL4R	-1.242524806425122
SEMA4D	-1.242700694208567
HGF	-1.2427187081521058
MAP2K1	-1.242807285264547
TG	-1.2430562032426016
GJA8	-1.2437592136485562
SERPINB6	-1.2447960305369552
FRZB	-1.2448935199008169
MYH4	-1.2458018225388157
UROD	-1.2460278464766263
BRAP	-1.247299241053657
RCOR1	-1.2473460587259528
PVR	-1.2477317450901853
PON1	-1.247919040457817
AGRP	-1.2480958782784373
PMS1	-1.2481271900855615
LELP1	-1.2481779832475828
IFT20	-1.2485304514558466
VASN	-1.2495787296567817
SOST	-1.250497267916128
RICTOR	-1.2510594625373255
SORBS1	-1.2514516019099449
RALY	-1.251552538067544
IL1A	-1.2517205752123444
EDA2R	-1.2524398938088117
ZCCHC8	-1.2527806195258184
CD5L	-1.2541171649490492
LILRB2	-1.2549793756996153
CXCL9	-1.256130715259672
UBE2B	-1.2569615931876446
BST1	-1.2580890361762018
TXNRD1	-1.258850310173675
ARHGEF12	-1.259411109083136
CTRC	-1.2605054747381392
TF	-1.2618771827884956
CSNK1D	-1.2624508235070977
CACNA1H	-1.2631541826448047
GSN	-1.2633647081528327
FDX1	-1.263944824976566
VSIR	-1.264020385478417
LAMP2	-1.264144489286608
ACTN2	-1.2643278767119526
BCR	-1.2648841917670244
CRLF1	-1.2650541642054025
LRIG3	-1.2650684361635613
KLKB1	-1.2654002238593354
FLT1	-1.2656336378850384
TNFRSF19	-1.2656413908402873
GID8	-1.2660631232458242
IL1R2	-1.2661222552178613
PTPRZ1	-1.2661732852184469
VTA1	-1.266518473606084
FKBPL	-1.2669590880279675
RBP1	-1.2670157029520084
CHEK2	-1.267084640720433
LGMN	-1.2676666965890877
TARBP2	-1.2684930280865623
ASS1	-1.2685089165176502
CLSPN	-1.2686897700713666
FGD3	-1.2689363275580594
TREH	-1.2691182059759856
CPA1	-1.269217289320366
PLIN1	-1.2693409302354839
HJV	-1.2695537983719791
TNIP1	-1.2696405532752117
FABP6	-1.2698471296412397
CD80	-1.2698888706827727
SNX2	-1.2699575644097298
ICAM3	-1.270027070973593
NRP1	-1.2705960539252987
AXL	-1.2708007321804435
CD93	-1.2709150658063613
BHMT2	-1.271194960740984
PNLIP	-1.2715796087858984
CACNB3	-1.2719664098470087
PLXNB3	-1.2726269245838258
ZNRF4	-1.2730460260998084
FABP5	-1.2739384618015364
AKT2	-1.2739504531053212
MAP1LC3A	-1.2739678673892805
YWHAQ	-1.2740424282723195
FGFBP1	-1.274324825406191
PRKAB1	-1.2743458653956066
DRAXIN	-1.2750984717301481
BRD1	-1.276736887110917
CCL27	-1.2775717259389976
PEBP1	-1.2787858888565427
ESAM	-1.2790390174417188
RBKS	-1.2792976183408
YJU2	-1.2797494588893015
MDGA1	-1.2804618788493636
TNN	-1.2804830732700427
SERPINE1	-1.2805232824832524
REG4	-1.2806794715023715
GLO1	-1.2807451216912753
BOLA1	-1.2809098058113628
KLK10	-1.2822178274648959
IL22RA1	-1.2823214283436504
NEXN	-1.2832065148310865
PDCD1LG2	-1.2832425700566146
IL2RA	-1.283530517539608
CD99L2	-1.2835601059817128
CIT	-1.2841989960855853
SELP	-1.2842108463089774
ACE	-1.2844339786261414
ST8SIA1	-1.284547176380472
ING1	-1.2851589227692535
CDC25A	-1.2855551899995845
MFGE8	-1.2856243857690874
NMRK2	-1.2858112890457807
COL6A3	-1.285876273038255
CD59	-1.2859477557444594
APOD	-1.2859486615070992
LAG3	-1.2862795469913442
APCS	-1.28676874430101
KIAA1549	-1.2871763367384566
TNPO1	-1.2878337141603833
NMI	-1.2882857064506152
LGALS8	-1.2884523738050861
DCXR	-1.2887262964232522
PI3	-1.2890223017198181
TMSB10	-1.2894073569836055
ADGRG2	-1.2894653293610046
CSH1	-1.2899254961311597
CETN2	-1.290931757176501
NPPB	-1.2910819912667488
CR2	-1.2911029449460334
ACTA2	-1.2920757937107803
UBXN1	-1.2921302408041893
IMPACT	-1.2924308512222138
NPTXR	-1.2926648408521784
CDKL5	-1.2928884031517283
UMOD	-1.292905592778216
AIF1	-1.2936746736465905
ITGA5	-1.2943056573688296
PTPRM	-1.2945116086042776
PDIA3	-1.2948640555191597
CNPY4	-1.2949129085448092
HSPG2	-1.2953686413698506
KITLG	-1.2956032950102492
NME1	-1.2956898181702823
CCL16	-1.2965812578737599
DPP7	-1.2966150051551735
CTSE	-1.29755625141212
REST	-1.2976624620576327
FCN1	-1.2978765073642515
ITPR1	-1.298078237255562
RYR1	-1.2989227982661486
MET	-1.2989325500981233
BNIP3L	-1.2993355203426669
C7	-1.2994722757276058
CNPY2	-1.3004537246477519
GCLM	-1.3006931073053485
SMPD1	-1.3008230842968793
APRT	-1.30103319481313
CD38	-1.3025288170411564
DNMBP	-1.3026574010828362
CLEC7A	-1.3027908275314755
CHCHD6	-1.3041762454970485
NSFL1C	-1.3048488435376535
GOPC	-1.3066654817736099
ASGR2	-1.3071309477834516
PGM2	-1.3072298061178491
CELSR2	-1.3074020896353646
PRDX5	-1.3077411631806934
CRELD2	-1.3078381202486673
JAM2	-1.3080606886400754
CREB3	-1.3083894544363102
PDCD5	-1.3089542740904765
BMP10	-1.3091638315366891
HMGCS1	-1.3096264035217011
EIF2AK2	-1.3097308146483662
GIP	-1.3098477292640582
HDGF	-1.3099320171635562
TCN2	-1.310385648188341
EIF2AK3	-1.3104505380814233
NAAA	-1.31096427254805
FSTL1	-1.311088060072688
FUT8	-1.3120315298447105
CLEC6A	-1.3120403746415557
MYOC	-1.312979608094483
FLT3LG	-1.3133612193688649
NPTX1	-1.3134921592206714
GZMA	-1.3138815234454786
PDGFC	-1.3143692342837567
CD70	-1.3144982014241409
B4GALT1	-1.3146216077983146
CHMP6	-1.315047093553677
FHIT	-1.3150816505769511
CRADD	-1.3152793623183614
MZT1	-1.3161463139255996
PIGR	-1.3161548691402376
MB	-1.3161948281721614
MMP10	-1.3162104357670186
VWF	-1.316696094301611
TIMP2	-1.3167582964344744
RELT	-1.3170333062596384
C1QTNF6	-1.317489721251385
SDC1	-1.3175010583243454
SERPIND1	-1.3185075101719221
IL25	-1.3186268181670935
GP5	-1.3186890480102633
EIF4B	-1.3196205565364336
ASPSCR1	-1.3198858091733716
FLI1	-1.3199390365794232
SLA2	-1.3199475923702968
XG	-1.319985876602779
ISM1	-1.320517469072307
SPTLC1	-1.3205467837109948
SIRT2	-1.320578645053036
FCAR	-1.3210387078178285
SNAPIN	-1.3212851638619991
CXCL17	-1.3213391776636627
COPB2	-1.3213817920027822
PSAP	-1.3214689633424086
LCN2	-1.3215689216216442
CPOX	-1.3221863721661893
TSPAN8	-1.3226963910448435
CETN3	-1.3229555159768558
TPR	-1.323044438127106
TLR3	-1.3230664345581449
SUGT1	-1.323073012382415
GP2	-1.3233289960064356
IL17RB	-1.323524819668186
FAS	-1.3238865772307702
LHPP	-1.323918372689639
YAP1	-1.3241601175873392
ITGA2	-1.3242295344263861
ADAMTS4	-1.3245906283779152
MMP1	-1.3247125345531798
TDGF1	-1.3249166706445068
CCL4	-1.3256321694864193
PTX3	-1.3256769337310028
TRIM5	-1.3256844787680946
PDE4D	-1.325689764156224
ADAM23	-1.3258024491832947
OGN	-1.3258271106660928
ITGA6	-1.3258589639318679
PPM1B	-1.3258963230279375
SKIV2L	-1.326112655287665
SEPTIN9	-1.3261724425471106
VEGFB	-1.3262989678516433
GDNF	-1.3267910111996548
MTPN	-1.3269647153280777
FAM3B	-1.3270207002881045
LBP	-1.3270542291700187
LRPAP1	-1.3270831929233982
MEP1B	-1.3273654345866859
PTPRS	-1.3276717305370718
TJAP1	-1.3277636927677396
BAG6	-1.3278534613199804
ADAMTSL5	-1.3280675894804053
RET	-1.328152714069022
SMARCA2	-1.328308118616292
TPP1	-1.3285702864597921
PHOSPHO1	-1.3286707425100337
AHSG	-1.3289212214249715
FCGR2A	-1.3289315185225907
SDCCAG8	-1.3292354652554434
PRDX6	-1.3294054532675192
ACY1	-1.3295779720262146
AHSA1	-1.3295829343606567
LAIR2	-1.3296325015430437
GAL	-1.3300152377759678
CELA3A	-1.3302668177323482
TRIM21	-1.3303045101700681
ADGRE1	-1.3307382057599495
ERBIN	-1.3307712940556766
GATA3	-1.3307828566638342
TXLNA	-1.331333943102819
FKBP4	-1.3314808283156065
HIP1	-1.331750786643558
ASAH2	-1.3317789323887215
F11R	-1.332000144425824
TNFSF13B	-1.3322537705730189
TUBB3	-1.3323280371151875
APOE	-1.3325911589991943
C2	-1.3330136123990097
THBS4	-1.3330258284772467
CCL17	-1.3330382091090986
SERPINB1	-1.3330726731503841
FRMD4B	-1.333344634445144
DBH	-1.3334042651431968
CTSH	-1.333443867894807
CD33	-1.3334974865534588
ARF6	-1.3335392847392358
RASGRF1	-1.333558311677878
SAMD9L	-1.333584098743307
PTPN1	-1.3337323018451654
DSG2	-1.3337851887627603
ATP1B3	-1.3340099820687652
INPP5D	-1.3340159393145863
OBP2B	-1.33416263466431
IFNG	-1.3341698053824238
NOS1	-1.334180231616623
BEX3	-1.3342295302491398
STIP1	-1.3343974253155435
MYBPC2	-1.334477875219012
CSF2	-1.3345831683979297
SIRPA	-1.3351126800030753
RFC4	-1.335307473299926
GAD2	-1.3354685537931834
ARFIP1	-1.3355128635597642
ACYP1	-1.3355340009944103
HLA-DRA	-1.3355905992850525
PRC1	-1.3357328208772672
TNFRSF1A	-1.3358396473347258
AP3S2	-1.3358895478982653
CTSO	-1.3359081991500787
CNTNAP4	-1.3359205323071404
NOTCH2	-1.336011046785011
PDXDC1	-1.336162204504472
S100A13	-1.336187234530158
APOBR	-1.336255935427967
ACRBP	-1.3363208002093563
THBD	-1.336505964186448
ATP6V1G1	-1.3366266076052415
TXN	-1.3366294702852726
CHIT1	-1.3366347284932343
SLC44A4	-1.3367866846259626
SLC28A1	-1.3368707339966268
CDHR2	-1.3370171503602772
NOS3	-1.337052304005874
NAA80	-1.3370591751886622
PYY	-1.3371699125152356
AKT3	-1.3372986456484783
FGF9	-1.33736080734367
A1BG	-1.3374940302919525
LGALS7	-1.337572874446557
M6PR	-1.3378152206686709
CALB1	-1.3378379393661033
PTPRH	-1.3378565418676278
ATXN2	-1.3379068423210279
AGRN	-1.337912083995286
COL2A1	-1.3380271503278673
SPARCL1	-1.33803416426576
RARRES2	-1.3381944107836214
CA1	-1.3382618882528516
CCAR2	-1.3383208306998946
CES1	-1.338653781946843
CCL25	-1.3388430948679924
MERTK	-1.3388438971201966
TET2	-1.3388526365413953
APOB	-1.3388938029637187
CDH15	-1.3391534423524458
THRAP3	-1.3391898833795732
SSB	-1.3391928152799688
HNRNPK	-1.3392700242435789
NAPRT	-1.3393075776695036
GMPR	-1.3394082569770265
CD22	-1.339457029916544
MASP1	-1.3395502292869912
CANT1	-1.3396495544945108
TNFRSF1B	-1.3397716723614428
USP8	-1.3398060616037275
CTSZ	-1.3399973542869597
CTSC	-1.3401318927602437
LRIG1	-1.340150891910237
LRP1	-1.3402002406345446
PFDN2	-1.340212693490894
MSTN	-1.3402176585750118
CTRB1	-1.3402641358696543
NEDD4L	-1.3402841553442821
HGS	-1.3403030097909308
HLA-E	-1.340393797454458
EP300	-1.3404203835773074
CYB5R2	-1.3404498730279482
TDRKH	-1.3404941224522111
EDN1	-1.3405538842008804
VPS53	-1.3405709947044526
HTR1B	-1.3406263256339885
FOXO3	-1.3406300271757
LTBR	-1.3406778480833381
MST1	-1.3406981248562027
IGF2R	-1.3407198419189457
TYRO3	-1.3407637055805288
NDUFS6	-1.340832092521526
TRIM25	-1.340837273244942
GNAS	-1.3408420245074577
AKR1B10	-1.3409378713551139
FBLN2	-1.340974698696118
CD209	-1.340979285620125
TAX1BP1	-1.3410248306043568
CD207	-1.3410744096086011
GP1BB	-1.3410829942245783
LEP	-1.3410839541558954
DTYMK	-1.3410862714262826
AKT1S1	-1.3410977236595742
BABAM1	-1.3411037773208232
GPIHBP1	-1.3411311816759508
ANKRA2	-1.3411337224073367
JUN	-1.341139383841293
ZBTB16	-1.3411426036694858
TOP2B	-1.3411580488680492
B4GAT1	-1.3411628614934699
SERPINB9	-1.3411657441764673
PARK7	-1.3411678126654056
MUC13	-1.3411696186378004
DNAJA1	-1.341186844990831
SPINT2	-1.3411967001252407
CNTNAP2	-1.3412006178441427
AHNAK2	-1.3412066194276004
IL13RA1	-1.3412067613414216
CASP3	-1.3412070625061832
